t,z1_prob,z1_alert,g_prob,global_alert,pred,gt
0,0.6661,0,0.0,0,0,0
1,0.6662,0,0.0,0,0,0
2,0.4586,0,0.0,0,0,0
3,0.3731,0,0.0,0,0,0
4,0.5098,0,0.0,0,0,0
5,0.5147,0,0.0,0,0,0
6,0.6698,0,0.0,0,0,0
7,0.5391,0,0.0,0,0,0
8,0.615,0,0.0,0,0,0
9,0.4917,0,0.0414,0,0,0
10,0.7148,0,0.001,0,0,0
11,0.714,0,0.0001,0,0,0
12,0.7177,0,0.0,0,0,0
13,0.7114,0,0.0,0,0,0
14,0.6538,0,0.0,0,0,0
15,0.6603,0,0.0,0,0,0
16,0.5759,0,0.0,0,0,0
17,0.593,0,0.0,0,0,0
18,0.6301,0,0.0001,0,0,0
19,0.6933,0,0.0014,0,0,0
20,0.6088,0,0.0002,0,0,0
21,0.6224,0,0.0001,0,0,0
22,0.6127,0,0.0,0,0,0
23,0.603,0,0.0,0,0,0
24,0.671,0,0.0,0,0,0
25,0.6711,0,0.0001,0,0,0
26,0.6656,0,0.0002,0,0,0
27,0.6241,0,0.0008,0,0,0
28,0.5627,0,0.0,0,0,0
29,0.4277,0,0.0001,0,0,0
30,0.4626,0,0.0031,0,0,0
31,0.5168,0,0.0047,0,0,0
32,0.5542,0,0.0012,0,0,0
33,0.5919,0,0.0002,0,0,0
34,0.558,0,0.0,0,0,0
35,0.4552,0,0.0,0,0,0
36,0.5917,0,0.0,0,0,0
37,0.608,0,0.0,0,0,0
38,0.6183,0,0.0,0,0,0
39,0.6029,0,0.0,0,0,0
40,0.6219,0,0.0,0,0,0
41,0.6924,0,0.0,0,0,0
42,0.6075,0,0.0001,0,0,0
43,0.6261,0,0.0003,0,0,0
44,0.6336,0,0.0003,0,0,0
45,0.6686,0,0.0002,0,0,0
46,0.6532,0,0.0001,0,0,0
47,0.6668,0,0.0001,0,0,0
48,0.6836,0,0.0001,0,0,0
49,0.6852,0,0.0001,0,0,0
50,0.6874,0,0.0003,0,0,0
51,0.7103,0,0.0001,0,0,0
52,0.6968,0,0.0001,0,0,0
53,0.708,0,0.0001,0,0,0
54,0.705,0,0.0007,0,0,0
55,0.6679,0,0.0039,0,0,0
56,0.702,0,0.001,0,0,0
57,0.6543,0,0.0002,0,0,0
58,0.6797,0,0.0001,0,0,0
59,0.6552,0,0.0,0,0,0
60,0.6236,0,0.0,0,0,0
61,0.6044,0,0.0,0,0,0
62,0.5879,0,0.0,0,0,0
63,0.5812,0,0.0,0,0,0
64,0.5416,0,0.0001,0,0,0
65,0.5374,0,0.0017,0,0,0
66,0.5885,0,0.0036,0,0,0
67,0.6269,0,0.001,0,0,0
68,0.6815,0,0.0042,0,0,0
69,0.6458,0,0.0127,0,0,0
70,0.606,0,0.0014,0,0,0
71,0.5685,0,0.0003,0,0,0
72,0.6889,0,0.0004,0,0,0
73,0.6847,0,0.0005,0,0,0
74,0.6803,0,0.0007,0,0,0
75,0.6429,0,0.0007,0,0,0
76,0.6487,0,0.0127,0,0,0
77,0.6424,0,0.0087,0,0,0
78,0.6479,0,0.0492,0,0,0
79,0.481,0,0.675,1,1,0
80,0.4836,0,0.1833,0,0,0
81,0.6745,0,0.0659,0,0,0
82,0.6554,0,0.0804,0,0,0
83,0.6419,0,0.008,0,0,0
84,0.657,0,0.0005,0,0,0
85,0.6643,0,0.0008,0,0,0
86,0.5599,0,0.0003,0,0,0
87,0.6831,0,0.0001,0,0,0
88,0.5927,0,0.0,0,0,0
89,0.459,0,0.0,0,0,0
90,0.4889,0,0.0001,0,0,0
91,0.5137,0,0.0001,0,0,0
92,0.5482,0,0.0,0,0,0
93,0.584,0,0.0,0,0,0
94,0.608,0,0.0,0,0,0
95,0.5516,0,0.0,0,0,0
96,0.5491,0,0.0,0,0,0
97,0.6487,0,0.0,0,0,0
98,0.6284,0,0.0,0,0,0
99,0.6273,0,0.0,0,0,0
100,0.6291,0,0.0,0,0,0
101,0.6833,0,0.0,0,0,0
102,0.6593,0,0.0,0,0,0
103,0.7599,1,0.0,0,0,0
104,0.7877,1,0.0001,0,0,0
105,0.8286,1,0.0003,0,0,0
106,0.8036,1,0.0019,0,0,0
107,0.795,1,0.0007,0,0,0
108,0.7747,1,0.0009,0,0,0
109,0.7468,1,0.0021,0,0,0
110,0.7207,1,0.0042,0,0,0
111,0.7036,0,0.0013,0,0,0
112,0.6531,0,0.0132,0,0,0
113,0.6012,0,0.0086,0,0,0
114,0.6708,0,0.0031,0,0,0
115,0.6676,0,0.0002,0,0,0
116,0.6646,0,0.0001,0,0,0
117,0.6596,0,0.0,0,0,0
118,0.6504,0,0.0,0,0,0
119,0.6607,0,0.0,0,0,0
120,0.5477,0,0.0,0,0,0
121,0.5569,0,0.0,0,0,0
122,0.5672,0,0.0,0,0,0
123,0.6422,0,0.0,0,0,0
124,0.5484,0,0.0,0,0,0
125,0.4886,0,0.0,0,0,0
126,0.4885,0,0.0003,0,0,0
127,0.5876,0,0.0517,0,0,0
128,0.403,0,0.109,0,0,0
129,0.5219,0,0.1503,0,0,0
130,0.5959,0,0.7136,1,1,1
131,0.6113,0,0.9329,1,1,1
132,0.5541,0,0.9932,1,1,1
133,0.5647,0,0.9988,1,1,1
134,0.6561,0,0.9996,1,1,1
135,0.5872,0,0.9999,1,1,1
136,0.6348,0,0.9998,1,1,1
137,0.6457,0,0.9997,1,1,1
138,0.6322,0,0.9998,1,1,1
139,0.6451,0,0.9998,1,1,1
140,0.6578,0,0.9996,1,1,1
141,0.7025,0,0.9986,1,1,1
142,0.6647,0,0.9764,1,1,1
143,0.6832,0,0.9652,1,1,1
144,0.7069,0,0.9662,1,1,1
145,0.6949,0,0.9964,1,1,1
146,0.7065,0,0.9985,1,1,1
147,0.7009,0,0.9993,1,1,1
148,0.6893,0,0.9993,1,1,1
149,0.6511,0,0.9981,1,1,1
150,0.7162,0,0.9973,1,1,1
151,0.575,0,0.982,1,1,1
152,0.6698,0,0.9952,1,1,1
153,0.689,0,0.9909,1,1,1
154,0.5926,0,0.9942,1,1,1
155,0.5813,0,0.9981,1,1,1
156,0.6391,0,0.9994,1,1,1
157,0.6172,0,0.9994,1,1,1
158,0.6779,0,0.9992,1,1,1
159,0.6404,0,0.9998,1,1,1
160,0.6417,0,0.9999,1,1,1
161,0.6414,0,0.9989,1,1,1
162,0.6859,0,0.9993,1,1,1
163,0.6571,0,0.9991,1,1,1
164,0.6489,0,0.9998,1,1,1
165,0.6828,0,0.9997,1,1,1
166,0.5759,0,0.9997,1,1,1
167,0.6789,0,0.9999,1,1,1
168,0.6713,0,0.9999,1,1,1
169,0.6817,0,1.0,1,1,1
170,0.5634,0,1.0,1,1,1
171,0.5727,0,1.0,1,1,1
172,0.6657,0,0.9998,1,1,1
173,0.425,0,0.9995,1,1,1
174,0.4248,0,0.9958,1,1,1
175,0.6714,0,0.8675,1,1,1
176,0.6574,0,0.9612,1,1,1
177,0.6782,0,0.9976,1,1,1
178,0.6622,0,0.9985,1,1,1
179,0.6473,0,0.9991,1,1,1
180,0.5174,0,0.9981,1,1,1
181,0.595,0,0.9965,1,1,1
182,0.4148,0,0.9965,1,1,1
183,0.5061,0,0.9983,1,1,1
184,0.5084,0,0.9695,1,1,1
185,0.5128,0,0.9991,1,1,1
186,0.5826,0,0.9994,1,1,1
187,0.595,0,0.9999,1,1,1
188,0.6541,0,0.9997,1,1,1
189,0.6385,0,0.9998,1,1,1
190,0.5955,0,0.9999,1,1,1
191,0.6422,0,0.9999,1,1,1
192,0.6402,0,0.9999,1,1,1
193,0.6717,0,0.9999,1,1,1
194,0.6697,0,0.9999,1,1,1
195,0.7064,0,0.9998,1,1,1
196,0.7055,0,0.9999,1,1,1
197,0.6614,0,0.9999,1,1,1
198,0.7221,1,0.9998,1,1,1
199,0.6807,0,0.9987,1,1,1
200,0.6787,0,0.9992,1,1,0
201,0.6828,0,0.999,1,1,0
202,0.6578,0,0.9967,1,1,0
203,0.6684,0,0.9909,1,1,0
204,0.6914,0,0.9835,1,1,0
205,0.707,0,0.8863,1,1,0
206,0.7101,0,0.2958,0,0,0
207,0.7124,0,0.9356,1,1,0
208,0.7158,0,0.9473,1,1,0
209,0.7286,1,0.0607,0,0,0
210,0.5993,0,0.0004,0,0,0
211,0.5761,0,0.0,0,0,0
212,0.7034,0,0.0,0,0,0
213,0.7138,0,0.0,0,0,0
214,0.6508,0,0.0,0,0,0
215,0.6353,0,0.0,0,0,0
216,0.6214,0,0.0,0,0,0
217,0.5964,0,0.0,0,0,0
218,0.663,0,0.0,0,0,0
219,0.651,0,0.0,0,0,0
220,0.7607,1,0.0002,0,0,0
221,0.7363,1,0.0019,0,0,0
222,0.6417,0,0.0005,0,0,0
223,0.6967,0,0.0002,0,0,0
224,0.6946,0,0.0001,0,0,0
225,0.7442,1,0.0003,0,0,0
226,0.6976,0,0.0005,0,0,0
227,0.6615,0,0.0003,0,0,0
228,0.5918,0,0.0001,0,0,0
229,0.6722,0,0.0001,0,0,0
230,0.6354,0,0.0001,0,0,0
231,0.673,0,0.0001,0,0,0
232,0.5777,0,0.0001,0,0,0
233,0.4817,0,0.0001,0,0,0
234,0.5551,0,0.0002,0,0,0
235,0.667,0,0.0006,0,0,0
236,0.6533,0,0.0206,0,0,0
237,0.6559,0,0.0031,0,0,0
238,0.6709,0,0.0003,0,0,0
239,0.6709,0,0.0001,0,0,0
240,0.6695,0,0.0,0,0,0
241,0.6684,0,0.0,0,0,0
242,0.6556,0,0.0,0,0,0
243,0.3944,0,0.0,0,0,0
244,0.4122,0,0.0,0,0,0
245,0.5949,0,0.0,0,0,0
246,0.4529,0,0.0004,0,0,0
247,0.4608,0,0.0013,0,0,0
248,0.4032,0,0.0002,0,0,0
249,0.4333,0,0.0001,0,0,0
250,0.6285,0,0.0,0,0,0
251,0.5929,0,0.0,0,0,0
252,0.6004,0,0.0,0,0,0
253,0.6084,0,0.0,0,0,0
254,0.5487,0,0.0,0,0,0
255,0.6786,0,0.0,0,0,0
256,0.6772,0,0.0,0,0,0
257,0.7915,1,0.0001,0,0,0
258,0.7188,0,0.0006,0,0,0
259,0.7116,0,0.0004,0,0,0
260,0.6799,0,0.0005,0,0,0
261,0.5982,0,0.0002,0,0,0
262,0.5743,0,0.0002,0,0,0
263,0.4979,0,0.0001,0,0,0
264,0.6882,0,0.0008,0,0,0
265,0.6823,0,0.0006,0,0,0
266,0.68,0,0.0006,0,0,0
267,0.6721,0,0.0003,0,0,0
268,0.5275,0,0.0004,0,0,0
269,0.4145,0,0.0002,0,0,0
270,0.603,0,0.0006,0,0,0
271,0.6069,0,0.0007,0,0,0
272,0.4965,0,0.0011,0,0,0
273,0.469,0,0.001,0,0,0
274,0.5189,0,0.0003,0,0,0
275,0.401,0,0.0001,0,0,0
276,0.44,0,0.0,0,0,0
277,0.573,0,0.0,0,0,0
278,0.5706,0,0.0,0,0,0
279,0.5785,0,0.0,0,0,0
280,0.5836,0,0.0,0,0,0
281,0.6367,0,0.0,0,0,0
282,0.6377,0,0.0,0,0,0
283,0.6443,0,0.0,0,0,0
284,0.6536,0,0.0,0,0,0
285,0.6614,0,0.0004,0,0,0
286,0.6763,0,0.0006,0,0,0
287,0.6834,0,0.0005,0,0,0
288,0.6931,0,0.0005,0,0,0
289,0.7018,0,0.001,0,0,0
290,0.7047,0,0.0159,0,0,0
291,0.7126,0,0.0057,0,0,0
292,0.7231,1,0.0024,0,0,0
293,0.5734,0,0.0002,0,0,0
294,0.6972,0,0.0001,0,0,0
295,0.7243,1,0.0001,0,0,0
296,0.6174,0,0.0001,0,0,0
297,0.662,0,0.0,0,0,0
298,0.6739,0,0.0,0,0,0
299,0.6972,0,0.0,0,0,0
300,0.6609,0,0.0,0,0,0
301,0.6308,0,0.0,0,0,0
302,0.6202,0,0.0001,0,0,0
303,0.5093,0,0.0,0,0,0
304,0.5901,0,0.0,0,0,0
305,0.6707,0,0.0,0,0,0
306,0.6767,0,0.0,0,0,0
307,0.7271,1,0.0,0,0,0
308,0.7152,0,0.0002,0,0,0
309,0.6917,0,0.0005,0,0,0
310,0.653,0,0.0002,0,0,0
311,0.6063,0,0.0,0,0,0
312,0.5636,0,0.0,0,0,0
313,0.6904,0,0.0,0,0,0
314,0.6867,0,0.0,0,0,0
315,0.5772,0,0.0,0,0,0
316,0.4769,0,0.0,0,0,0
317,0.4949,0,0.0,0,0,0
318,0.6922,0,0.0,0,0,0
319,0.6956,0,0.0021,0,0,0
320,0.4718,0,0.0034,0,0,0
321,0.6888,0,0.0004,0,0,0
322,0.648,0,0.0003,0,0,0
323,0.6623,0,0.0001,0,0,0
324,0.6937,0,0.0,0,0,0
325,0.6712,0,0.0,0,0,0
326,0.679,0,0.0,0,0,0
327,0.6027,0,0.0,0,0,0
328,0.6762,0,0.0,0,0,0
329,0.6667,0,0.0,0,0,0
330,0.6742,0,0.0,0,0,0
331,0.4536,0,0.0,0,0,0
332,0.3768,0,0.0,0,0,0
333,0.5274,0,0.0,0,0,0
334,0.5658,0,0.0,0,0,0
335,0.547,0,0.0,0,0,0
336,0.5301,0,0.0,0,0,0
337,0.5541,0,0.0,0,0,0
338,0.5685,0,0.0,0,0,0
339,0.6,0,0.0,0,0,0
340,0.5855,0,0.0,0,0,0
341,0.5736,0,0.0,0,0,0
342,0.5856,0,0.0,0,0,0
343,0.6455,0,0.0,0,0,0
344,0.651,0,0.0,0,0,0
345,0.6991,0,0.0,0,0,0
346,0.6674,0,0.0001,0,0,0
347,0.6554,0,0.0001,0,0,0
348,0.6268,0,0.0002,0,0,0
349,0.6275,0,0.0004,0,0,0
350,0.5899,0,0.0004,0,0,0
351,0.6442,0,0.0004,0,0,0
352,0.6642,0,0.0004,0,0,0
353,0.7018,0,0.0003,0,0,0
354,0.681,0,0.0008,0,0,0
355,0.6121,0,0.0,0,0,0
356,0.6631,0,0.0001,0,0,0
357,0.6471,0,0.0,0,0,0
358,0.6291,0,0.0,0,0,0
359,0.6133,0,0.0,0,0,0
360,0.5953,0,0.0,0,0,0
361,0.5679,0,0.0,0,0,0
362,0.6432,0,0.0,0,0,0
363,0.6883,0,0.0,0,0,0
364,0.595,0,0.0,0,0,0
365,0.6452,0,0.0,0,0,0
366,0.7611,1,0.0001,0,0,0
367,0.7356,1,0.0087,0,0,0
368,0.6791,0,0.0013,0,0,0
369,0.7221,1,0.0004,0,0,0
370,0.6926,0,0.0002,0,0,0
371,0.6553,0,0.0002,0,0,0
372,0.586,0,0.0001,0,0,0
373,0.6718,0,0.0,0,0,0
374,0.6728,0,0.0,0,0,0
375,0.6628,0,0.0,0,0,0
376,0.6707,0,0.0001,0,0,0
377,0.5558,0,0.0001,0,0,0
378,0.5259,0,0.0,0,0,0
379,0.5548,0,0.0001,0,0,0
380,0.6692,0,0.0003,0,0,0
381,0.6636,0,0.0001,0,0,0
382,0.6559,0,0.0001,0,0,0
383,0.6696,0,0.0,0,0,0
384,0.6691,0,0.0,0,0,0
385,0.6497,0,0.0,0,0,0
386,0.6647,0,0.0,0,0,0
387,0.6522,0,0.0,0,0,0
388,0.5467,0,0.0,0,0,0
389,0.3943,0,0.0,0,0,0
390,0.4592,0,0.0001,0,0,0
391,0.4493,0,0.0035,0,0,0
392,0.4952,0,0.0065,0,0,0
393,0.3854,0,0.0008,0,0,0
394,0.4119,0,0.0002,0,0,0
395,0.5479,0,0.0001,0,0,0
396,0.5425,0,0.0,0,0,0
397,0.547,0,0.0,0,0,0
398,0.5505,0,0.0,0,0,0
399,0.606,0,0.0,0,0,0
400,0.6235,0,0.0,0,0,0
401,0.6814,0,0.0,0,0,0
402,0.5757,0,0.0,0,0,0
403,0.6238,0,0.0001,0,0,0
404,0.637,0,0.0001,0,0,0
405,0.6645,0,0.0,0,0,0
406,0.6619,0,0.0,0,0,0
407,0.6687,0,0.0,0,0,0
408,0.6912,0,0.0,0,0,0
409,0.6939,0,0.0,0,0,0
410,0.6901,0,0.0,0,0,0
411,0.7018,0,0.0,0,0,0
412,0.5774,0,0.0,0,0,0
413,0.6679,0,0.0,0,0,0
414,0.6478,0,0.0001,0,0,0
415,0.7032,0,0.0015,0,0,0
416,0.6616,0,0.0005,0,0,0
417,0.6032,0,0.0002,0,0,0
418,0.6217,0,0.0001,0,0,0
419,0.6145,0,0.0002,0,0,0
420,0.6483,0,0.0015,0,0,0
421,0.6402,0,0.001,0,0,0
422,0.6224,0,0.0002,0,0,0
423,0.6713,0,0.0001,0,0,0
424,0.6669,0,0.0001,0,0,0
425,0.6806,0,0.0004,0,0,0
426,0.5954,0,0.0005,0,0,0
427,0.6314,0,0.0001,0,0,0
428,0.6196,0,0.0005,0,0,0
429,0.7247,1,0.0046,0,0,0
430,0.6318,0,0.0027,0,0,0
431,0.5641,0,0.0009,0,0,0
432,0.6893,0,0.0006,0,0,0
433,0.6833,0,0.0002,0,0,0
434,0.6797,0,0.0001,0,0,0
435,0.6778,0,0.0001,0,0,0
436,0.6468,0,0.0002,0,0,0
437,0.6474,0,0.0005,0,0,0
438,0.4214,0,0.0011,0,0,0
439,0.4408,0,0.0003,0,0,0
440,0.6596,0,0.0311,0,0,0
441,0.6538,0,0.0103,0,0,0
442,0.4644,0,0.0008,0,0,0
443,0.384,0,0.0002,0,0,0
444,0.5576,0,0.0001,0,0,0
445,0.551,0,0.0001,0,0,0
446,0.5619,0,0.0,0,0,0
447,0.5446,0,0.0,0,0,0
448,0.5587,0,0.0,0,0,0
449,0.5477,0,0.0,0,0,0
450,0.6145,0,0.0,0,0,0
451,0.6382,0,0.0,0,0,0
452,0.6499,0,0.0,0,0,0
453,0.6618,0,0.0,0,0,0
454,0.6767,0,0.0001,0,0,0
455,0.6732,0,0.0001,0,0,0
456,0.6995,0,0.0002,0,0,0
457,0.7091,0,0.0002,0,0,0
458,0.7134,0,0.0003,0,0,0
459,0.6883,0,0.0119,0,0,0
460,0.7189,0,0.0042,0,0,0
461,0.6094,0,0.0006,0,0,0
462,0.614,0,0.0006,0,0,0
463,0.7168,0,0.0006,0,0,0
464,0.7027,0,0.2041,0,0,0
465,0.719,0,0.6373,1,1,1
466,0.7712,1,0.9666,1,1,1
467,0.7067,0,0.9927,1,1,1
468,0.7013,0,0.9964,1,1,1
469,0.6051,0,0.9989,1,1,1
470,0.7225,1,0.9978,1,1,1
471,0.7232,1,0.9983,1,1,1
472,0.7165,0,0.9985,1,1,1
473,0.7012,0,0.9986,1,1,1
474,0.7956,1,0.9998,1,1,1
475,0.7374,1,0.9999,1,1,1
476,0.7367,1,0.9979,1,1,1
477,0.7357,1,0.9992,1,1,1
478,0.7242,1,0.9994,1,1,1
479,0.7047,0,0.9995,1,1,1
480,0.7086,0,0.9997,1,1,1
481,0.7241,1,0.9998,1,1,1
482,0.7219,1,0.9998,1,1,1
483,0.7244,1,0.9997,1,1,1
484,0.6809,0,0.972,1,1,1
485,0.8202,1,0.9934,1,1,1
486,0.7864,1,0.9985,1,1,1
487,0.8261,1,0.9996,1,1,1
488,0.84,1,0.9998,1,1,1
489,0.8556,1,0.9999,1,1,1
490,0.8382,1,0.9998,1,1,1
491,0.803,1,0.9999,1,1,1
492,0.8058,1,0.9999,1,1,1
493,0.799,1,0.9999,1,1,1
494,0.7939,1,0.9999,1,1,1
495,0.7698,1,0.9999,1,1,1
496,0.7473,1,0.9999,1,1,1
497,0.6942,0,0.9993,1,1,1
498,0.694,0,0.9989,1,1,1
499,0.7394,1,0.9986,1,1,1
500,0.7203,1,0.9997,1,1,1
501,0.7096,0,0.9997,1,1,1
502,0.64,0,0.9997,1,1,1
503,0.6664,0,0.9996,1,1,1
504,0.6658,0,0.9993,1,1,1
505,0.6054,0,0.9929,1,1,1
506,0.6115,0,0.991,1,1,0
507,0.5933,0,0.9957,1,1,0
508,0.7915,1,0.9995,1,1,0
509,0.7251,1,0.9992,1,1,0
510,0.7383,1,0.9998,1,1,0
511,0.7618,1,0.9989,1,1,0
512,0.8062,1,0.9936,1,1,0
513,0.793,1,0.968,1,1,0
514,0.7752,1,0.7082,1,1,0
515,0.7495,1,0.1254,0,0,0
516,0.6883,0,0.003,0,0,0
517,0.5771,0,0.0036,0,0,0
518,0.581,0,0.0013,0,0,0
519,0.5414,0,0.0006,0,0,0
520,0.5364,0,0.0043,0,0,0
521,0.6717,0,0.0029,0,0,0
522,0.6695,0,0.0007,0,0,0
523,0.5643,0,0.0001,0,0,0
524,0.6635,0,0.0002,0,0,0
525,0.6542,0,0.0001,0,0,0
526,0.6448,0,0.0,0,0,0
527,0.6645,0,0.0,0,0,0
528,0.6644,0,0.0,0,0,0
529,0.6836,0,0.0,0,0,0
530,0.687,0,0.0,0,0,0
531,0.6856,0,0.0,0,0,0
532,0.7097,0,0.0,0,0,0
533,0.634,0,0.0,0,0,0
534,0.6798,0,0.0002,0,0,0
535,0.6919,0,0.001,0,0,0
536,0.7147,0,0.0005,0,0,0
537,0.6613,0,0.0002,0,0,0
538,0.6457,0,0.0001,0,0,0
539,0.6381,0,0.0001,0,0,0
540,0.5192,0,0.0,0,0,0
541,0.5317,0,0.0,0,0,0
542,0.5308,0,0.0,0,0,0
543,0.5687,0,0.0,0,0,0
544,0.5514,0,0.0,0,0,0
545,0.6859,0,0.0,0,0,0
546,0.6907,0,0.0,0,0,0
547,0.7491,1,0.0,0,0,0
548,0.7291,1,0.0,0,0,0
549,0.6222,0,0.0002,0,0,0
550,0.5864,0,0.0004,0,0,0
551,0.4738,0,0.0009,0,0,0
552,0.5643,0,0.221,0,0,0
553,0.7199,0,0.6698,1,1,1
554,0.7198,0,0.9101,1,1,1
555,0.7557,1,0.9975,1,1,1
556,0.746,1,0.9999,1,1,1
557,0.6882,0,1.0,1,1,1
558,0.7274,1,0.9993,1,1,1
559,0.7124,0,0.9996,1,1,1
560,0.7878,1,0.999,1,1,1
561,0.6262,0,0.9997,1,1,0
562,0.613,0,0.9998,1,1,0
563,0.5987,0,0.9998,1,1,0
564,0.5547,0,0.9997,1,1,0
565,0.5362,0,0.9989,1,1,0
566,0.4502,0,0.9995,1,1,0
567,0.4471,0,0.9994,1,1,0
568,0.5061,0,0.998,1,1,0
569,0.6664,0,0.8857,1,1,0
570,0.6531,0,0.0008,0,0,0
571,0.6363,0,0.0003,0,0,0
572,0.6608,0,0.0005,0,0,0
573,0.573,0,0.0018,0,0,0
574,0.6833,0,0.0004,0,0,0
575,0.6868,0,0.0005,0,0,0
576,0.6819,0,0.0031,0,0,0
577,0.5523,0,0.4539,1,1,0
578,0.5577,0,0.4808,1,1,0
579,0.5617,0,0.2234,0,0,0
580,0.6464,0,0.9514,1,1,0
581,0.639,0,0.8191,1,1,0
582,0.3944,0,0.0177,0,0,0
583,0.5015,0,0.0007,0,0,0
584,0.6417,0,0.0001,0,0,0
585,0.6464,0,0.0,0,0,0
586,0.5426,0,0.0,0,0,0
587,0.5327,0,0.0,0,0,0
588,0.6725,0,0.0,0,0,0
589,0.586,0,0.0,0,0,0
590,0.6416,0,0.0,0,0,0
591,0.672,0,0.0,0,0,0
592,0.674,0,0.0,0,0,0
593,0.6191,0,0.0,0,0,0
594,0.6114,0,0.0,0,0,0
595,0.6027,0,0.0,0,0,0
596,0.4311,0,0.0,0,0,0
597,0.4495,0,0.0001,0,0,0
598,0.4999,0,0.0,0,0,0
599,0.5066,0,0.0,0,0,0
600,0.5111,0,0.0,0,0,0
601,0.5054,0,0.0,0,0,0
602,0.5135,0,0.0,0,0,0
603,0.5204,0,0.0,0,0,0
604,0.6481,0,0.0,0,0,0
605,0.6432,0,0.0,0,0,0
606,0.6891,0,0.0,0,0,0
607,0.6934,0,0.0,0,0,0
608,0.6419,0,0.1189,0,0,0
609,0.5771,0,0.0205,0,0,0
610,0.649,0,0.0012,0,0,0
611,0.6487,0,0.0001,0,0,0
612,0.6399,0,0.0001,0,0,0
613,0.652,0,0.0,0,0,0
614,0.6508,0,0.0,0,0,0
615,0.7257,1,0.0,0,0,0
616,0.7039,0,0.0,0,0,0
617,0.716,0,0.0,0,0,0
618,0.6538,0,0.0,0,0,0
619,0.568,0,0.0,0,0,0
620,0.6588,0,0.0,0,0,0
621,0.6461,0,0.0,0,0,0
622,0.6404,0,0.0,0,0,0
623,0.6183,0,0.0,0,0,0
624,0.5826,0,0.0,0,0,0
625,0.4823,0,0.0,0,0,0
626,0.5286,0,0.0,0,0,0
627,0.5283,0,0.0,0,0,0
628,0.588,0,0.0011,0,0,0
629,0.6944,0,0.0004,0,0,0
630,0.7603,1,0.0003,0,0,0
631,0.6867,0,0.0003,0,0,0
632,0.6253,0,0.0009,0,0,0
633,0.603,0,0.0004,0,0,0
634,0.6321,0,0.0001,0,0,0
635,0.6158,0,0.0,0,0,0
636,0.555,0,0.0,0,0,0
637,0.6713,0,0.0,0,0,0
638,0.673,0,0.0,0,0,0
639,0.6721,0,0.0,0,0,0
640,0.6408,0,0.0,0,0,0
641,0.6105,0,0.0,0,0,0
642,0.669,0,0.0,0,0,0
643,0.6674,0,0.0001,0,0,0
644,0.5494,0,0.0001,0,0,0
645,0.5455,0,0.0001,0,0,0
646,0.5403,0,0.0002,0,0,0
647,0.6713,0,0.0001,0,0,0
648,0.6702,0,0.0,0,0,0
649,0.67,0,0.0,0,0,0
650,0.6696,0,0.0,0,0,0
651,0.6147,0,0.0,0,0,0
652,0.359,0,0.0,0,0,0
653,0.605,0,0.0,0,0,0
654,0.5946,0,0.0,0,0,0
655,0.4515,0,0.0,0,0,0
656,0.4658,0,0.0001,0,0,0
657,0.5485,0,0.0001,0,0,0
658,0.5689,0,0.0001,0,0,0
659,0.562,0,0.0,0,0,0
660,0.5669,0,0.0,0,0,0
661,0.5744,0,0.0,0,0,0
662,0.5765,0,0.0,0,0,0
663,0.5888,0,0.0,0,0,0
664,0.6152,0,0.0,0,0,0
665,0.6222,0,0.0001,0,0,0
666,0.6434,0,0.0002,0,0,0
667,0.6445,0,0.0005,0,0,0
668,0.6874,0,0.0076,0,0,0
669,0.6421,0,0.0013,0,0,0
670,0.6489,0,0.0007,0,0,0
671,0.6627,0,0.0005,0,0,0
672,0.6687,0,0.0001,0,0,0
673,0.6712,0,0.0001,0,0,0
674,0.6793,0,0.0001,0,0,0
675,0.7197,0,0.0001,0,0,0
676,0.7075,0,0.0001,0,0,0
677,0.6322,0,0.0001,0,0,0
678,0.6884,0,0.0005,0,0,0
679,0.6805,0,0.0093,0,0,0
680,0.6692,0,0.0011,0,0,0
681,0.5986,0,0.0,0,0,0
682,0.6871,0,0.0,0,0,0
683,0.6375,0,0.0,0,0,0
684,0.6168,0,0.0,0,0,0
685,0.5314,0,0.0,0,0,0
686,0.5216,0,0.0,0,0,0
687,0.5617,0,0.0,0,0,0
688,0.5502,0,0.0,0,0,0
689,0.7045,0,0.0,0,0,0
690,0.6924,0,0.0028,0,0,0
691,0.6773,0,0.0082,0,0,0
692,0.6294,0,0.0006,0,0,0
693,0.6231,0,0.0001,0,0,0
694,0.5878,0,0.0,0,0,0
695,0.468,0,0.0,0,0,0
696,0.5665,0,0.0,0,0,0
697,0.6856,0,0.0,0,0,0
698,0.682,0,0.0,0,0,0
699,0.6694,0,0.0,0,0,0
700,0.513,0,0.0,0,0,0
701,0.6212,0,0.0001,0,0,0
702,0.6212,0,0.0001,0,0,0
703,0.4778,0,0.0007,0,0,0
704,0.6289,0,0.0005,0,0,0
705,0.4682,0,0.0002,0,0,0
706,0.471,0,0.0001,0,0,0
707,0.5801,0,0.0,0,0,0
708,0.5674,0,0.0,0,0,0
709,0.5718,0,0.0,0,0,0
710,0.5702,0,0.0,0,0,0
711,0.5765,0,0.0,0,0,0
712,0.6366,0,0.0,0,0,0
713,0.634,0,0.0,0,0,0
714,0.636,0,0.0,0,0,0
715,0.6443,0,0.0001,0,0,0
716,0.6537,0,0.0002,0,0,0
717,0.6663,0,0.0015,0,0,0
718,0.6806,0,0.0027,0,0,0
719,0.6838,0,0.0097,0,0,0
720,0.6991,0,0.0229,0,0,0
721,0.7062,0,0.1097,0,0,0
722,0.7087,0,0.1018,0,0,0
723,0.7233,1,0.0391,0,0,0
724,0.5939,0,0.017,0,0,0
725,0.6999,0,0.0044,0,0,0
726,0.6902,0,0.001,0,0,0
727,0.6286,0,0.0003,0,0,0
728,0.6518,0,0.0002,0,0,0
729,0.6783,0,0.0001,0,0,0
730,0.7052,0,0.0001,0,0,0
731,0.7122,0,0.0001,0,0,0
732,0.6255,0,0.0,0,0,0
733,0.6161,0,0.0,0,0,0
734,0.5397,0,0.0002,0,0,0
735,0.5409,0,0.0001,0,0,0
736,0.5791,0,0.0001,0,0,0
737,0.6958,0,0.0001,0,0,0
738,0.7203,1,0.0,0,0,0
739,0.7048,0,0.0001,0,0,0
740,0.7545,1,0.0002,0,0,0
741,0.6641,0,0.0006,0,0,0
742,0.6283,0,0.0004,0,0,0
743,0.5676,0,0.0003,0,0,0
744,0.5654,0,0.0016,0,0,0
745,0.566,0,0.0945,0,0,0
746,0.5706,0,0.0494,0,0,0
747,0.5758,0,0.1651,0,0,0
748,0.6739,0,0.1159,0,0,0
749,0.6402,0,0.0072,0,0,0
750,0.3968,0,0.0001,0,0,0
751,0.4628,0,0.0001,0,0,0
752,0.655,0,0.0,0,0,0
753,0.557,0,0.0,0,0,0
754,0.5475,0,0.0,0,0,0
755,0.6499,0,0.0,0,0,0
756,0.691,0,0.0,0,0,0
757,0.6752,0,0.0,0,0,0
758,0.6979,0,0.0,0,0,0
759,0.513,0,0.0,0,0,0
760,0.674,0,0.0,0,0,0
761,0.6388,0,0.0,0,0,0
762,0.6305,0,0.0,0,0,0
763,0.6205,0,0.0,0,0,0
764,0.4799,0,0.0001,0,0,0
765,0.5047,0,0.0,0,0,0
766,0.5181,0,0.0,0,0,0
767,0.519,0,0.0,0,0,0
768,0.518,0,0.0,0,0,0
769,0.5167,0,0.0,0,0,0
770,0.4538,0,0.0,0,0,0
771,0.6275,0,0.0,0,0,0
772,0.6933,0,0.0,0,0,0
773,0.689,0,0.0,0,0,0
774,0.6437,0,0.0,0,0,0
775,0.6396,0,0.0001,0,0,0
776,0.6872,0,0.0114,0,0,0
777,0.6999,0,0.0025,0,0,0
778,0.6649,0,0.0003,0,0,0
779,0.6528,0,0.0002,0,0,0
780,0.6506,0,0.0002,0,0,0
781,0.6512,0,0.0002,0,0,0
782,0.6738,0,0.0004,0,0,0
783,0.675,0,0.0011,0,0,0
784,0.7206,1,0.0003,0,0,0
785,0.7003,0,0.0001,0,0,0
786,0.6542,0,0.0001,0,0,0
787,0.6847,0,0.0001,0,0,0
788,0.7214,1,0.0007,0,0,0
789,0.6557,0,0.0006,0,0,0
790,0.6495,0,0.0006,0,0,0
791,0.6106,0,0.0002,0,0,0
792,0.5968,0,0.0,0,0,0
793,0.5813,0,0.0,0,0,0
794,0.6557,0,0.0001,0,0,0
795,0.5281,0,0.0001,0,0,0
796,0.6048,0,0.0001,0,0,0
797,0.6229,0,0.0,0,0,0
798,0.781,1,0.0,0,0,0
799,0.7063,0,0.0001,0,0,0
800,0.6714,0,0.0007,0,0,0
801,0.6448,0,0.0003,0,0,0
802,0.6762,0,0.0002,0,0,0
803,0.639,0,0.0001,0,0,0
804,0.5835,0,0.0,0,0,0
805,0.6758,0,0.0001,0,0,0
806,0.6624,0,0.0001,0,0,0
807,0.5738,0,0.0001,0,0,0
808,0.5775,0,0.0002,0,0,0
809,0.5804,0,0.0003,0,0,0
810,0.5934,0,0.0001,0,0,0
811,0.5822,0,0.0,0,0,0
812,0.672,0,0.0001,0,0,0
813,0.667,0,0.0,0,0,0
814,0.6605,0,0.0,0,0,0
815,0.6695,0,0.0,0,0,0
816,0.669,0,0.0,0,0,0
817,0.668,0,0.0,0,0,0
818,0.5695,0,0.0,0,0,0
819,0.6644,0,0.0,0,0,0
820,0.5975,0,0.0,0,0,0
821,0.7255,1,0.0,0,0,0
822,0.6836,0,0.0001,0,0,1
823,0.7869,1,0.8626,1,1,1
824,0.7895,1,0.9934,1,1,1
825,0.8192,1,0.9924,1,1,1
826,0.829,1,0.9967,1,1,1
827,0.8527,1,0.996,1,1,1
828,0.8388,1,0.994,1,1,1
829,0.7961,1,0.9917,1,1,1
830,0.7981,1,0.9803,1,1,1
831,0.7801,1,0.9966,1,1,1
832,0.7889,1,0.9988,1,1,1
833,0.7973,1,0.9987,1,1,1
834,0.7907,1,0.9992,1,1,1
835,0.7756,1,0.9465,1,1,1
836,0.7513,1,0.9547,1,1,1
837,0.7114,0,0.9988,1,1,1
838,0.6875,0,0.9954,1,1,1
839,0.6275,0,0.9978,1,1,1
840,0.6678,0,0.9971,1,1,1
841,0.6688,0,0.999,1,1,1
842,0.6632,0,0.9994,1,1,1
843,0.5942,0,0.9973,1,1,1
844,0.5464,0,0.9981,1,1,1
845,0.6574,0,0.9988,1,1,1
846,0.5839,0,0.9979,1,1,1
847,0.7115,0,0.9989,1,1,1
848,0.7288,1,0.9994,1,1,1
849,0.7799,1,0.1543,0,0,1
850,0.8035,1,0.9254,1,1,1
851,0.7493,1,0.9876,1,1,1
852,0.7473,1,0.9965,1,1,1
853,0.7113,0,0.9967,1,1,1
854,0.6895,0,0.9826,1,1,1
855,0.7512,1,0.9983,1,1,1
856,0.6909,0,0.9997,1,1,1
857,0.7213,1,0.9996,1,1,1
858,0.7183,0,0.9993,1,1,1
859,0.748,1,0.9989,1,1,1
860,0.8122,1,0.9999,1,1,1
861,0.7681,1,1.0,1,1,1
862,0.7711,1,1.0,1,1,1
863,0.714,0,1.0,1,1,1
864,0.7184,0,1.0,1,1,1
865,0.7734,1,1.0,1,1,1
866,0.7619,1,1.0,1,1,1
867,0.7591,1,1.0,1,1,1
868,0.7367,1,0.9999,1,1,1
869,0.8029,1,1.0,1,1,1
870,0.8176,1,0.9997,1,1,1
871,0.7728,1,0.9999,1,1,1
872,0.7688,1,0.9999,1,1,1
873,0.7584,1,0.9999,1,1,1
874,0.7856,1,0.9997,1,1,1
875,0.73,1,0.9986,1,1,1
876,0.7843,1,0.9952,1,1,1
877,0.7754,1,0.9981,1,1,1
878,0.7932,1,0.9992,1,1,1
879,0.7251,1,0.9987,1,1,1
880,0.6969,0,0.9902,1,1,1
881,0.7145,0,0.9987,1,1,1
882,0.7252,1,0.9998,1,1,1
883,0.7086,0,0.9977,1,1,1
884,0.6795,0,0.9998,1,1,1
885,0.6585,0,0.9997,1,1,1
886,0.65,0,0.9999,1,1,1
887,0.662,0,1.0,1,1,1
888,0.6622,0,0.9999,1,1,1
889,0.6621,0,1.0,1,1,1
890,0.6587,0,0.9999,1,1,1
891,0.5625,0,0.9998,1,1,1
892,0.61,0,0.9996,1,1,1
893,0.6979,0,0.9993,1,1,1
894,0.5918,0,0.9731,1,1,1
895,0.7491,1,0.9963,1,1,1
896,0.7787,1,0.9997,1,1,1
897,0.8158,1,0.9999,1,1,1
898,0.8203,1,1.0,1,1,1
899,0.7715,1,1.0,1,1,1
900,0.7701,1,1.0,1,1,1
901,0.6802,0,1.0,1,1,1
902,0.7871,1,1.0,1,1,1
903,0.7792,1,1.0,1,1,1
904,0.7666,1,1.0,1,1,1
905,0.7794,1,0.9999,1,1,1
906,0.7826,1,0.9999,1,1,1
907,0.7862,1,0.9998,1,1,1
908,0.78,1,0.9995,1,1,1
909,0.7858,1,0.9994,1,1,1
910,0.7954,1,0.9992,1,1,1
911,0.7767,1,0.9993,1,1,1
912,0.8142,1,0.9994,1,1,1
913,0.7975,1,0.9986,1,1,1
914,0.7568,1,0.999,1,1,1
915,0.785,1,0.9992,1,1,1
916,0.7968,1,0.9917,1,1,1
917,0.723,1,0.9994,1,1,1
918,0.7278,1,0.9999,1,1,1
919,0.707,0,0.9999,1,1,1
920,0.7359,1,0.9999,1,1,1
921,0.7837,1,0.9999,1,1,1
922,0.7309,1,0.9995,1,1,0
923,0.7225,1,0.9917,1,1,0
924,0.6626,0,0.9978,1,1,0
925,0.6149,0,0.9931,1,1,0
926,0.5722,0,0.9907,1,1,0
927,0.6726,0,0.9963,1,1,0
928,0.6733,0,0.9907,1,1,0
929,0.6694,0,0.926,1,1,0
930,0.5597,0,0.7919,1,1,0
931,0.5594,0,0.007,0,0,0
932,0.3933,0,0.006,0,0,0
933,0.5385,0,0.0022,0,0,0
934,0.6593,0,0.0005,0,0,0
935,0.6732,0,0.0001,0,0,0
936,0.6717,0,0.0,0,0,0
937,0.5577,0,0.0,0,0,0
938,0.5677,0,0.0,0,0,0
939,0.658,0,0.0,0,0,0
940,0.6604,0,0.0,0,0,0
941,0.3611,0,0.0,0,0,0
942,0.4735,0,0.0,0,0,0
943,0.3218,0,0.0,0,0,0
944,0.4532,0,0.0,0,0,0
945,0.5092,0,0.0,0,0,0
946,0.5521,0,0.0,0,0,0
947,0.6066,0,0.0001,0,0,0
948,0.566,0,0.0002,0,0,0
949,0.563,0,0.0007,0,0,0
950,0.5695,0,0.0053,0,0,0
951,0.4843,0,0.0475,0,0,0
952,0.6449,0,0.0026,0,0,0
953,0.6186,0,0.0002,0,0,0
954,0.6294,0,0.0002,0,0,0
955,0.7035,0,0.0005,0,0,0
956,0.689,0,0.0003,0,0,0
957,0.6178,0,0.0199,0,0,0
958,0.641,0,0.0007,0,0,0
959,0.6691,0,0.0002,0,0,0
960,0.6712,0,0.0001,0,0,0
961,0.5673,0,0.0,0,0,0
962,0.6812,0,0.0,0,0,0
963,0.6804,0,0.0,0,0,0
964,0.6715,0,0.0001,0,0,0
965,0.397,0,0.0,0,0,0
966,0.4097,0,0.0,0,0,0
967,0.6552,0,0.0,0,0,0
968,0.5557,0,0.0002,0,0,0
969,0.5483,0,0.0001,0,0,0
970,0.6583,0,0.0,0,0,0
971,0.5238,0,0.0,0,0,0
972,0.4405,0,0.0,0,0,0
973,0.4616,0,0.0,0,0,0
974,0.4892,0,0.0,0,0,0
975,0.488,0,0.0,0,0,0
976,0.4273,0,0.0,0,0,0
977,0.4548,0,0.0,0,0,0
978,0.6398,0,0.0,0,0,0
979,0.6456,0,0.0,0,0,0
980,0.6654,0,0.0002,0,0,0
981,0.6848,0,0.0044,0,0,0
982,0.685,0,0.0245,0,0,0
983,0.6928,0,0.1775,0,0,0
984,0.6896,0,0.6612,1,1,0
985,0.7328,1,0.9651,1,1,1
986,0.7339,1,0.9924,1,1,1
987,0.7336,1,0.9975,1,1,1
988,0.7244,1,0.9991,1,1,1
989,0.595,0,0.996,1,1,1
990,0.7187,0,0.998,1,1,1
991,0.7145,0,0.9994,1,1,1
992,0.7249,1,0.9988,1,1,1
993,0.7636,1,0.9902,1,1,1
994,0.7799,1,0.9866,1,1,1
995,0.7782,1,0.9985,1,1,1
996,0.7498,1,0.9991,1,1,1
997,0.6942,0,0.9994,1,1,1
998,0.7042,0,0.9998,1,1,1
999,0.6035,0,0.9999,1,1,1
1000,0.7067,0,0.9998,1,1,1
1001,0.6726,0,0.9998,1,1,1
1002,0.6779,0,0.9998,1,1,1
1003,0.7179,0,0.9999,1,1,1
1004,0.7004,0,0.9998,1,1,1
1005,0.6634,0,0.9989,1,1,1
1006,0.6259,0,0.993,1,1,1
1007,0.5681,0,0.9442,1,1,0
1008,0.6884,0,0.7475,1,1,0
1009,0.6848,0,0.9798,1,1,0
1010,0.6815,0,0.9926,1,1,0
1011,0.5644,0,0.9974,1,1,0
1012,0.5198,0,0.9942,1,1,0
1013,0.4359,0,0.9963,1,1,0
1014,0.6429,0,0.9943,1,1,0
1015,0.6402,0,0.9778,1,1,0
1016,0.6995,0,0.0241,0,0,0
1017,0.5584,0,0.0009,0,0,0
1018,0.6457,0,0.0003,0,0,0
1019,0.6276,0,0.0001,0,0,0
1020,0.6782,0,0.0,0,0,0
1021,0.6645,0,0.0,0,0,0
1022,0.6753,0,0.0,0,0,0
1023,0.5973,0,0.0,0,0,0
1024,0.633,0,0.0,0,0,0
1025,0.5491,0,0.0,0,0,0
1026,0.6734,0,0.0,0,0,0
1027,0.6531,0,0.0002,0,0,0
1028,0.458,0,0.0,0,0,0
1029,0.4809,0,0.0,0,0,0
1030,0.519,0,0.0,0,0,0
1031,0.4751,0,0.0,0,0,0
1032,0.4889,0,0.0,0,0,0
1033,0.509,0,0.0,0,0,0
1034,0.5482,0,0.0,0,0,0
1035,0.6495,0,0.0,0,0,0
1036,0.6687,0,0.0,0,0,0
1037,0.5828,0,0.0,0,0,0
1038,0.6743,0,0.0,0,0,0
1039,0.6677,0,0.0002,0,0,0
1040,0.6637,0,0.0001,0,0,0
1041,0.669,0,0.0001,0,0,0
1042,0.7015,0,0.0,0,0,0
1043,0.6493,0,0.0,0,0,0
1044,0.6423,0,0.0,0,0,0
1045,0.6538,0,0.0,0,0,0
1046,0.6538,0,0.0,0,0,0
1047,0.6665,0,0.0,0,0,0
1048,0.6685,0,0.0,0,0,0
1049,0.7254,1,0.0,0,0,0
1050,0.6649,0,0.0,0,0,0
1051,0.7134,0,0.0001,0,0,0
1052,0.7039,0,0.0,0,0,0
1053,0.6625,0,0.0,0,0,0
1054,0.6436,0,0.0,0,0,0
1055,0.6171,0,0.0,0,0,0
1056,0.6038,0,0.0,0,0,0
1057,0.5846,0,0.0,0,0,0
1058,0.5705,0,0.0,0,0,0
1059,0.5258,0,0.0,0,0,0
1060,0.5411,0,0.0,0,0,0
1061,0.6213,0,0.0,0,0,0
1062,0.7826,1,0.0,0,0,0
1063,0.7788,1,0.0001,0,0,0
1064,0.7143,0,0.0342,0,0,0
1065,0.6639,0,0.0039,0,0,0
1066,0.6977,0,0.0003,0,0,0
1067,0.6596,0,0.0001,0,0,0
1068,0.6013,0,0.0,0,0,0
1069,0.5583,0,0.0,0,0,0
1070,0.6741,0,0.0,0,0,0
1071,0.564,0,0.0,0,0,0
1072,0.5673,0,0.0,0,0,0
1073,0.5745,0,0.0,0,0,0
1074,0.6729,0,0.0001,0,0,0
1075,0.6027,0,0.0,0,0,0
1076,0.5927,0,0.0,0,0,0
1077,0.6692,0,0.0,0,0,0
1078,0.565,0,0.0,0,0,0
1079,0.6675,0,0.0,0,0,0
1080,0.6673,0,0.0,0,0,0
1081,0.555,0,0.0,0,0,0
1082,0.5674,0,0.0,0,0,0
1083,0.6595,0,0.0,0,0,0
1084,0.605,0,0.0,0,0,0
1085,0.382,0,0.0,0,0,0
1086,0.5028,0,0.0,0,0,0
1087,0.6319,0,0.0029,0,0,0
1088,0.4129,0,0.0364,0,0,0
1089,0.4621,0,0.0011,0,0,0
1090,0.4552,0,0.0001,0,0,0
1091,0.5923,0,0.0001,0,0,0
1092,0.5627,0,0.0001,0,0,0
1093,0.558,0,0.0001,0,0,0
1094,0.5678,0,0.0001,0,0,0
1095,0.5821,0,0.0001,0,0,0
1096,0.616,0,0.0,0,0,0
1097,0.6292,0,0.0,0,0,0
1098,0.6562,0,0.0,0,0,0
1099,0.6695,0,0.0003,0,0,0
1100,0.6869,0,0.0005,0,0,0
1101,0.6886,0,0.0002,0,0,0
1102,0.6803,0,0.0001,0,0,0
1103,0.6721,0,0.0001,0,0,0
1104,0.679,0,0.0001,0,0,0
1105,0.6834,0,0.0001,0,0,0
1106,0.6895,0,0.0,0,0,0
1107,0.7109,0,0.0,0,0,0
1108,0.6266,0,0.0001,0,0,0
1109,0.6956,0,0.0001,0,0,0
1110,0.6925,0,0.0001,0,0,0
1111,0.7009,0,0.0001,0,0,0
1112,0.7032,0,0.0003,0,0,0
1113,0.6767,0,0.0001,0,0,0
1114,0.6572,0,0.0,0,0,0
1115,0.6423,0,0.0,0,0,0
1116,0.6133,0,0.0,0,0,0
1117,0.6006,0,0.0,0,0,0
1118,0.4933,0,0.0,0,0,0
1119,0.5551,0,0.0,0,0,0
1120,0.5492,0,0.0,0,0,0
1121,0.6277,0,0.0,0,0,0
1122,0.7667,1,0.0,0,0,0
1123,0.705,0,0.0001,0,0,0
1124,0.6719,0,0.0003,0,0,0
1125,0.6097,0,0.0003,0,0,0
1126,0.6153,0,0.0001,0,0,0
1127,0.5568,0,0.0,0,0,0
1128,0.6865,0,0.0,0,0,0
1129,0.6792,0,0.0,0,0,0
1130,0.6773,0,0.0,0,0,0
1131,0.5685,0,0.0,0,0,0
1132,0.6659,0,0.0,0,0,0
1133,0.4274,0,0.0,0,0,0
1134,0.4371,0,0.0013,0,0,0
1135,0.659,0,0.0123,0,0,0
1136,0.6628,0,0.0074,0,0,0
1137,0.6713,0,0.0718,0,0,0
1138,0.4756,0,0.0005,0,0,0
1139,0.3875,0,0.0,0,0,0
1140,0.556,0,0.0,0,0,0
1141,0.5561,0,0.0,0,0,0
1142,0.5515,0,0.0,0,0,0
1143,0.552,0,0.0,0,0,0
1144,0.5691,0,0.0,0,0,0
1145,0.5999,0,0.0,0,0,0
1146,0.6217,0,0.0,0,0,0
1147,0.6414,0,0.0,0,0,0
1148,0.6572,0,0.0,0,0,0
1149,0.6687,0,0.0001,0,0,0
1150,0.6814,0,0.0001,0,0,0
1151,0.6895,0,0.0001,0,0,0
1152,0.7,0,0.0001,0,0,0
1153,0.6844,0,0.0001,0,0,0
1154,0.6837,0,0.0005,0,0,0
1155,0.6854,0,0.0004,0,0,0
1156,0.7217,1,0.0002,0,0,0
1157,0.594,0,0.0001,0,0,0
1158,0.6102,0,0.0001,0,0,0
1159,0.6856,0,0.0,0,0,0
1160,0.703,0,0.0001,0,0,0
1161,0.6245,0,0.0001,0,0,0
1162,0.6368,0,0.0001,0,0,0
1163,0.6844,0,0.0001,0,0,0
1164,0.6574,0,0.0,0,0,0
1165,0.5256,0,0.0,0,0,0
1166,0.5719,0,0.0,0,0,0
1167,0.6417,0,0.0,0,0,0
1168,0.6745,0,0.0,0,0,0
1169,0.7271,1,0.0,0,0,0
1170,0.72,0,0.0,0,0,0
1171,0.6909,0,0.0001,0,0,0
1172,0.6216,0,0.0001,0,0,0
1173,0.6526,0,0.0011,0,0,0
1174,0.6317,0,0.0009,0,0,0
1175,0.6287,0,0.001,0,0,0
1176,0.583,0,0.0003,0,0,0
1177,0.5502,0,0.0001,0,0,0
1178,0.6894,0,0.0,0,0,0
1179,0.6868,0,0.0,0,0,0
1180,0.56,0,0.0,0,0,0
1181,0.6993,0,0.0,0,0,0
1182,0.626,0,0.0001,0,0,0
1183,0.4188,0,0.0001,0,0,0
1184,0.4818,0,0.0002,0,0,0
1185,0.5493,0,0.0001,0,0,0
1186,0.5392,0,0.0,0,0,0
1187,0.6401,0,0.0,0,0,0
1188,0.6862,0,0.0,0,0,0
1189,0.673,0,0.0,0,0,0
1190,0.6737,0,0.0,0,0,0
1191,0.677,0,0.0,0,0,0
1192,0.6781,0,0.0,0,0,0
1193,0.4307,0,0.0,0,0,0
1194,0.5668,0,0.0,0,0,0
1195,0.5025,0,0.0,0,0,0
1196,0.5318,0,0.0003,0,0,0
1197,0.563,0,0.0002,0,0,0
1198,0.5987,0,0.0002,0,0,0
1199,0.5542,0,0.0001,0,0,0
1200,0.5455,0,0.0,0,0,0
1201,0.5525,0,0.0,0,0,0
1202,0.6485,0,0.0,0,0,0
1203,0.649,0,0.0,0,0,0
1204,0.7002,0,0.0,0,0,0
1205,0.6541,0,0.0,0,0,0
1206,0.6425,0,0.0001,0,0,0
1207,0.6677,0,0.0014,0,0,0
1208,0.6917,0,0.0014,0,0,0
1209,0.6252,0,0.0011,0,0,0
1210,0.6525,0,0.0007,0,0,0
1211,0.6601,0,0.0014,0,0,0
1212,0.6436,0,0.0007,0,0,0
1213,0.5985,0,0.0004,0,0,0
1214,0.5763,0,0.0001,0,0,0
1215,0.7249,1,0.0,0,0,0
1216,0.5732,0,0.0,0,0,0
1217,0.5952,0,0.0,0,0,0
1218,0.6537,0,0.0,0,0,0
1219,0.6479,0,0.0,0,0,0
1220,0.5666,0,0.0001,0,0,0
1221,0.648,0,0.0,0,0,0
1222,0.641,0,0.0001,0,0,0
1223,0.61,0,0.0,0,0,0
1224,0.6646,0,0.0,0,0,0
1225,0.6459,0,0.0,0,0,0
1226,0.5024,0,0.0,0,0,0
1227,0.6087,0,0.0,0,0,0
1228,0.5639,0,0.0,0,0,0
1229,0.5507,0,0.0125,0,0,0
1230,0.6807,0,0.0113,0,0,0
1231,0.7156,0,0.0016,0,0,0
1232,0.6521,0,0.001,0,0,0
1233,0.6269,0,0.0021,0,0,0
1234,0.5923,0,0.0001,0,0,0
1235,0.6694,0,0.0001,0,0,0
1236,0.6711,0,0.0,0,0,0
1237,0.6717,0,0.0,0,0,0
1238,0.6696,0,0.0,0,0,0
1239,0.5432,0,0.0,0,0,0
1240,0.537,0,0.0,0,0,0
1241,0.5255,0,0.0,0,0,0
1242,0.5529,0,0.0,0,0,0
1243,0.6666,0,0.0001,0,0,0
1244,0.6646,0,0.0002,0,0,0
1245,0.5465,0,0.0001,0,0,0
1246,0.6323,0,0.0001,0,0,0
1247,0.6628,0,0.0,0,0,0
1248,0.6644,0,0.0,0,0,0
1249,0.6644,0,0.0,0,0,0
1250,0.6623,0,0.0,0,0,0
1251,0.5612,0,0.0,0,0,0
1252,0.5612,0,0.0,0,0,0
1253,0.5573,0,0.0001,0,0,0
1254,0.4282,0,0.001,0,0,0
1255,0.4537,0,0.0052,0,0,0
1256,0.4883,0,0.0258,0,0,0
1257,0.3795,0,0.0013,0,0,0
1258,0.4127,0,0.0002,0,0,0
1259,0.614,0,0.0001,0,0,0
1260,0.5688,0,0.0,0,0,0
1261,0.5772,0,0.0,0,0,0
1262,0.6543,0,0.0,0,0,0
1263,0.6628,0,0.0,0,0,0
1264,0.5704,0,0.0,0,0,0
1265,0.6704,0,0.0,0,0,0
1266,0.7336,1,0.0002,0,0,0
1267,0.7276,1,0.0078,0,0,0
1268,0.7099,0,0.004,0,0,0
1269,0.6833,0,0.002,0,0,0
1270,0.645,0,0.001,0,0,0
1271,0.587,0,0.0004,0,0,0
1272,0.5502,0,0.0003,0,0,0
1273,0.572,0,0.0003,0,0,0
1274,0.5786,0,0.0004,0,0,0
1275,0.6649,0,0.0006,0,0,0
1276,0.4752,0,0.0004,0,0,0
1277,0.724,1,0.0014,0,0,0
1278,0.7184,0,0.0189,0,0,0
1279,0.54,0,0.0766,0,0,0
1280,0.4189,0,0.0029,0,0,0
1281,0.6733,0,0.0002,0,0,0
1282,0.6365,0,0.0,0,0,0
1283,0.5019,0,0.0,0,0,0
1284,0.4976,0,0.0,0,0,0
1285,0.5311,0,0.0,0,0,0
1286,0.5323,0,0.0,0,0,0
1287,0.5389,0,0.0001,0,0,0
1288,0.554,0,0.0005,0,0,0
1289,0.653,0,0.0016,0,0,0
1290,0.632,0,0.0797,0,0,0
1291,0.7087,0,0.0629,0,0,0
1292,0.6608,0,0.2781,0,0,0
1293,0.6761,0,0.9981,1,1,1
1294,0.6602,0,0.9773,1,1,1
1295,0.6632,0,0.9913,1,1,1
1296,0.6702,0,0.9965,1,1,1
1297,0.6735,0,0.9985,1,1,1
1298,0.6806,0,0.9994,1,1,1
1299,0.6841,0,0.999,1,1,1
1300,0.7112,0,0.9993,1,1,1
1301,0.6669,0,0.9993,1,1,1
1302,0.6625,0,0.9997,1,1,1
1303,0.6864,0,0.9992,1,1,1
1304,0.7263,1,0.9996,1,1,1
1305,0.6489,0,0.9987,1,1,1
1306,0.6394,0,0.997,1,1,1
1307,0.6812,0,0.9993,1,1,1
1308,0.6621,0,0.9998,1,1,1
1309,0.635,0,0.9998,1,1,1
1310,0.6226,0,0.9998,1,1,1
1311,0.6062,0,0.9998,1,1,1
1312,0.6749,0,0.9997,1,1,1
1313,0.535,0,0.9998,1,1,1
1314,0.5837,0,0.9999,1,1,1
1315,0.5722,0,0.9995,1,1,1
1316,0.6357,0,0.9953,1,1,1
1317,0.6014,0,0.9995,1,1,1
1318,0.564,0,0.9993,1,1,1
1319,0.6853,0,0.9997,1,1,1
1320,0.6891,0,0.9999,1,1,1
1321,0.6867,0,0.9999,1,1,1
1322,0.6832,0,0.9999,1,1,1
1323,0.5687,0,0.9999,1,1,0
1324,0.649,0,0.9999,1,1,0
1325,0.6524,0,0.9999,1,1,0
1326,0.4391,0,0.9998,1,1,0
1327,0.4826,0,0.9986,1,1,0
1328,0.6959,0,0.983,1,1,0
1329,0.6821,0,0.9831,1,1,0
1330,0.6528,0,0.8675,1,1,0
1331,0.6468,0,0.6576,1,1,0
1332,0.6335,0,0.1057,0,0,0
1333,0.662,0,0.0104,0,0,0
1334,0.574,0,0.0005,0,0,0
1335,0.6548,0,0.0001,0,0,0
1336,0.7063,0,0.0,0,0,0
1337,0.6497,0,0.0,0,0,0
1338,0.6643,0,0.0001,0,0,0
1339,0.4497,0,0.0001,0,0,0
1340,0.4671,0,0.0,0,0,0
1341,0.4842,0,0.0,0,0,0
1342,0.5408,0,0.0,0,0,0
1343,0.52,0,0.0,0,0,0
1344,0.4967,0,0.0,0,0,0
1345,0.5186,0,0.0,0,0,0
1346,0.5519,0,0.0,0,0,0
1347,0.617,0,0.0,0,0,0
1348,0.6371,0,0.0,0,0,0
1349,0.6509,0,0.0,0,0,0
1350,0.5977,0,0.0,0,0,0
1351,0.6361,0,0.0,0,0,0
1352,0.6943,0,0.0014,0,0,0
1353,0.6572,0,0.0006,0,0,0
1354,0.6676,0,0.0002,0,0,0
1355,0.6457,0,0.0001,0,0,0
1356,0.6564,0,0.0004,0,0,0
1357,0.6364,0,0.0017,0,0,0
1358,0.6655,0,0.0039,0,0,0
1359,0.6036,0,0.0012,0,0,0
1360,0.6576,0,0.0,0,0,0
1361,0.6651,0,0.0,0,0,0
1362,0.6034,0,0.0,0,0,0
1363,0.5977,0,0.0,0,0,0
1364,0.6562,0,0.0,0,0,0
1365,0.6472,0,0.0,0,0,0
1366,0.6441,0,0.0,0,0,0
1367,0.6184,0,0.0,0,0,0
1368,0.5945,0,0.0,0,0,0
1369,0.6593,0,0.0,0,0,0
1370,0.6391,0,0.0,0,0,0
1371,0.4984,0,0.0,0,0,0
1372,0.5787,0,0.0,0,0,0
1373,0.7061,0,0.0,0,0,0
1374,0.617,0,0.0,0,0,0
1375,0.6197,0,0.0,0,0,0
1376,0.6154,0,0.0001,0,0,0
1377,0.6054,0,0.0,0,0,0
1378,0.5837,0,0.0,0,0,0
1379,0.596,0,0.0,0,0,0
1380,0.6672,0,0.0,0,0,0
1381,0.6717,0,0.0,0,0,0
1382,0.6707,0,0.0,0,0,0
1383,0.6697,0,0.0,0,0,0
1384,0.5577,0,0.0,0,0,0
1385,0.56,0,0.0001,0,0,0
1386,0.56,0,0.0006,0,0,0
1387,0.4469,0,0.0645,0,0,0
1388,0.5435,0,0.0076,0,0,0
1389,0.534,0,0.0001,0,0,0
1390,0.6517,0,0.0,0,0,0
1391,0.6701,0,0.0,0,0,0
1392,0.6682,0,0.0,0,0,0
1393,0.6675,0,0.0,0,0,0
1394,0.6817,0,0.0,0,0,0
1395,0.5789,0,0.0,0,0,0
1396,0.6339,0,0.0,0,0,0
1397,0.6228,0,0.0,0,0,0
1398,0.4259,0,0.0,0,0,0
1399,0.4116,0,0.0,0,0,0
1400,0.4864,0,0.0021,0,0,0
1401,0.5333,0,0.0004,0,0,0
1402,0.5687,0,0.0002,0,0,0
1403,0.5924,0,0.0001,0,0,0
1404,0.5432,0,0.0,0,0,0
1405,0.545,0,0.0,0,0,0
1406,0.5598,0,0.0,0,0,0
1407,0.5968,0,0.0,0,0,0
1408,0.602,0,0.0,0,0,0
1409,0.6729,0,0.0,0,0,0
1410,0.6644,0,0.0,0,0,0
1411,0.6175,0,0.0,0,0,0
1412,0.6322,0,0.0,0,0,0
1413,0.6425,0,0.0,0,0,0
1414,0.6818,0,0.0,0,0,0
1415,0.6704,0,0.0,0,0,0
1416,0.6876,0,0.0,0,0,0
1417,0.6887,0,0.0,0,0,0
1418,0.6844,0,0.0,0,0,0
1419,0.6871,0,0.0,0,0,0
1420,0.6657,0,0.0,0,0,0
1421,0.5558,0,0.0,0,0,0
1422,0.5807,0,0.0,0,0,0
1423,0.6475,0,0.0,0,0,0
1424,0.73,1,0.0,0,0,0
1425,0.6074,0,0.0,0,0,0
1426,0.595,0,0.0,0,0,0
1427,0.5888,0,0.0,0,0,0
1428,0.5405,0,0.0,0,0,0
1429,0.6254,0,0.0,0,0,0
1430,0.6182,0,0.0,0,0,0
1431,0.6814,0,0.0,0,0,0
1432,0.6599,0,0.0,0,0,0
1433,0.6042,0,0.0,0,0,0
1434,0.6023,0,0.0,0,0,0
1435,0.5939,0,0.0,0,0,0
1436,0.5514,0,0.0,0,0,0
1437,0.6367,0,0.0006,0,0,0
1438,0.594,0,0.0014,0,0,0
1439,0.5442,0,0.0007,0,0,0
1440,0.6869,0,0.0026,0,0,0
1441,0.6821,0,0.0017,0,0,0
1442,0.5617,0,0.0004,0,0,0
1443,0.6474,0,0.0005,0,0,0
1444,0.6706,0,0.0032,0,0,0
1445,0.4922,0,0.0546,0,0,0
1446,0.4675,0,0.0327,0,0,0
1447,0.6346,0,0.1355,0,0,0
1448,0.5697,0,0.0162,0,0,0
1449,0.6886,0,0.0069,0,0,0
1450,0.6763,0,0.0009,0,0,0
1451,0.6698,0,0.0001,0,0,0
1452,0.6983,0,0.0,0,0,0
1453,0.6898,0,0.0,0,0,0
1454,0.6069,0,0.0,0,0,0
1455,0.6106,0,0.0,0,0,0
1456,0.6699,0,0.0,0,0,0
1457,0.5077,0,0.0,0,0,0
1458,0.4574,0,0.0,0,0,0
1459,0.4967,0,0.0,0,0,0
1460,0.5602,0,0.0,0,0,0
1461,0.612,0,0.0,0,0,0
1462,0.559,0,0.0,0,0,0
1463,0.5733,0,0.0,0,0,0
1464,0.5895,0,0.0,0,0,0
1465,0.6754,0,0.0,0,0,0
1466,0.6837,0,0.0,0,0,0
1467,0.6956,0,0.0,0,0,0
1468,0.7211,1,0.0,0,0,0
1469,0.6068,0,0.0,0,0,0
1470,0.6468,0,0.0,0,0,0
1471,0.6638,0,0.0,0,0,0
1472,0.6998,0,0.0001,0,0,0
1473,0.6582,0,0.0001,0,0,0
1474,0.6429,0,0.0001,0,0,0
1475,0.6076,0,0.0,0,0,0
1476,0.6252,0,0.0,0,0,0
1477,0.6111,0,0.0,0,0,0
1478,0.5273,0,0.0,0,0,0
1479,0.5696,0,0.0,0,0,0
1480,0.5585,0,0.0,0,0,0
1481,0.6446,0,0.0,0,0,0
1482,0.6882,0,0.0,0,0,0
1483,0.6928,0,0.0001,0,0,0
1484,0.7342,1,0.0011,0,0,0
1485,0.6403,0,0.002,0,0,0
1486,0.6041,0,0.0006,0,0,0
1487,0.5468,0,0.0003,0,0,0
1488,0.6863,0,0.0017,0,0,0
1489,0.6903,0,0.0113,0,0,0
1490,0.7281,1,0.0476,0,0,0
1491,0.69,0,0.0359,0,0,0
1492,0.5549,0,0.1082,0,0,0
1493,0.7221,1,0.0914,0,0,0
1494,0.7248,1,0.0043,0,0,0
1495,0.582,0,0.0012,0,0,0
1496,0.5059,0,0.0001,0,0,0
1497,0.6242,0,0.0001,0,0,0
1498,0.6598,0,0.0001,0,0,0
1499,0.6824,0,0.0002,0,0,0
1500,0.6337,0,0.0001,0,0,0
1501,0.6311,0,0.0001,0,0,0
1502,0.56,0,0.0001,0,0,0
1503,0.5553,0,0.0001,0,0,0
1504,0.5958,0,0.0008,0,0,0
1505,0.6955,0,0.0055,0,0,0
1506,0.7506,1,0.0002,0,0,0
1507,0.7353,1,0.0002,0,0,0
1508,0.725,1,0.0005,0,0,0
1509,0.6969,0,0.0004,0,0,0
1510,0.6567,0,0.0001,0,0,0
1511,0.6183,0,0.0,0,0,0
1512,0.5573,0,0.0,0,0,0
1513,0.5858,0,0.0002,0,0,0
1514,0.6317,0,0.0001,0,0,0
1515,0.6036,0,0.0001,0,0,0
1516,0.5817,0,0.0002,0,0,0
1517,0.6441,0,0.0003,0,0,0
1518,0.65,0,0.0014,0,0,0
1519,0.6903,0,0.0037,0,0,0
1520,0.6939,0,0.0017,0,0,0
1521,0.7763,1,0.0003,0,0,0
1522,0.8085,1,0.0001,0,0,0
1523,0.806,1,0.0001,0,0,0
1524,0.7973,1,0.0001,0,0,0
1525,0.7835,1,0.0001,0,0,0
1526,0.7556,1,0.0001,0,0,0
1527,0.7151,0,0.0001,0,0,0
1528,0.6927,0,0.0007,0,0,0
1529,0.6703,0,0.0052,0,0,0
1530,0.6177,0,0.0018,0,0,0
1531,0.6396,0,0.0019,0,0,0
1532,0.6623,0,0.0056,0,0,0
1533,0.6389,0,0.0043,0,0,0
1534,0.6669,0,0.0009,0,0,0
1535,0.6659,0,0.0002,0,0,0
1536,0.6654,0,0.0001,0,0,0
1537,0.5609,0,0.0,0,0,0
1538,0.5671,0,0.0,0,0,0
1539,0.573,0,0.0,0,0,0
1540,0.6632,0,0.0001,0,0,0
1541,0.4411,0,0.0004,0,0,0
1542,0.4569,0,0.0076,0,0,0
1543,0.697,0,0.0179,0,0,0
1544,0.6813,0,0.5612,1,1,0
1545,0.4158,0,0.0254,0,0,0
1546,0.3566,0,0.0005,0,0,0
1547,0.5515,0,0.0002,0,0,0
1548,0.5974,0,0.0002,0,0,0
1549,0.5674,0,0.0001,0,0,0
1550,0.5884,0,0.0,0,0,0
1551,0.5821,0,0.0,0,0,0
1552,0.597,0,0.0,0,0,0
1553,0.6298,0,0.0,0,0,0
1554,0.6466,0,0.0,0,0,0
1555,0.6458,0,0.0,0,0,0
1556,0.6594,0,0.0,0,0,0
1557,0.6686,0,0.0,0,0,0
1558,0.6787,0,0.0003,0,0,0
1559,0.6947,0,0.0001,0,0,0
1560,0.6671,0,0.0001,0,0,0
1561,0.5699,0,0.0001,0,0,0
1562,0.5761,0,0.0012,0,0,0
1563,0.6589,0,0.0007,0,0,0
1564,0.6838,0,0.0004,0,0,0
1565,0.452,0,0.0002,0,0,0
1566,0.4734,0,0.0002,0,0,0
1567,0.7035,0,0.0001,0,0,0
1568,0.6951,0,0.0006,0,0,0
1569,0.5683,0,0.0037,0,0,0
1570,0.3641,0,0.0003,0,0,0
1571,0.5765,0,0.0001,0,0,0
1572,0.6152,0,0.0,0,0,0
1573,0.5868,0,0.0,0,0,0
1574,0.5991,0,0.0,0,0,0
1575,0.598,0,0.0,0,0,0
1576,0.6047,0,0.0,0,0,0
1577,0.6311,0,0.0,0,0,0
1578,0.63,0,0.0,0,0,0
1579,0.646,0,0.0,0,0,0
1580,0.6618,0,0.0,0,0,0
1581,0.6706,0,0.0,0,0,0
1582,0.6849,0,0.0002,0,0,0
1583,0.6986,0,0.0001,0,0,0
1584,0.6731,0,0.0001,0,0,0
1585,0.6652,0,0.0001,0,0,0
1586,0.6656,0,0.0019,0,0,0
1587,0.6667,0,0.0025,0,0,0
1588,0.6219,0,0.0009,0,0,0
1589,0.6137,0,0.0005,0,0,0
1590,0.3945,0,0.0002,0,0,0
1591,0.4279,0,0.0001,0,0,0
1592,0.4553,0,0.0001,0,0,0
1593,0.4761,0,0.0012,0,0,0
1594,0.4894,0,0.0011,0,0,0
1595,0.5211,0,0.0005,0,0,0
1596,0.5194,0,0.0002,0,0,0
1597,0.5248,0,0.0001,0,0,0
1598,0.5321,0,0.0001,0,0,0
1599,0.5113,0,0.0001,0,0,0
1600,0.5964,0,0.0,0,0,0
1601,0.6162,0,0.0,0,0,0
1602,0.6062,0,0.0,0,0,0
1603,0.6168,0,0.0,0,0,0
1604,0.6459,0,0.0,0,0,0
1605,0.6542,0,0.0,0,0,0
1606,0.6811,0,0.0,0,0,0
1607,0.6982,0,0.0,0,0,0
1608,0.6785,0,0.0002,0,0,0
1609,0.6716,0,0.0016,0,0,0
1610,0.6952,0,0.0022,0,0,0
1611,0.7006,0,0.002,0,0,0
1612,0.4919,0,0.0002,0,0,0
1613,0.6504,0,0.0001,0,0,0
1614,0.7162,0,0.0001,0,0,0
1615,0.659,0,0.0001,0,0,0
1616,0.6565,0,0.0002,0,0,0
1617,0.6611,0,0.0001,0,0,0
1618,0.6325,0,0.0,0,0,0
1619,0.6536,0,0.0,0,0,0
1620,0.6266,0,0.0,0,0,0
1621,0.6173,0,0.0,0,0,0
1622,0.6074,0,0.0,0,0,0
1623,0.6002,0,0.0,0,0,0
1624,0.6635,0,0.0,0,0,0
1625,0.6088,0,0.0,0,0,0
1626,0.5818,0,0.0001,0,0,0
1627,0.5832,0,0.005,0,0,0
1628,0.6159,0,0.0011,0,0,0
1629,0.6571,0,0.0074,0,0,0
1630,0.6158,0,0.0036,0,0,0
1631,0.5783,0,0.0006,0,0,0
1632,0.6897,0,0.0003,0,0,0
1633,0.6817,0,0.0002,0,0,0
1634,0.7021,0,0.0001,0,0,0
1635,0.7085,0,0.0004,0,0,0
1636,0.7308,1,0.0005,0,0,0
1637,0.4812,0,0.0002,0,0,0
1638,0.6361,0,0.0001,0,0,0
1639,0.7261,1,0.0041,0,0,0
1640,0.7224,1,0.0145,0,0,0
1641,0.5781,0,0.0002,0,0,0
1642,0.5815,0,0.0001,0,0,0
1643,0.6872,0,0.0001,0,0,0
1644,0.6971,0,0.0002,0,0,0
1645,0.6341,0,0.0001,0,0,0
1646,0.628,0,0.0,0,0,0
1647,0.6233,0,0.0001,0,0,0
1648,0.5327,0,0.0002,0,0,0
1649,0.5761,0,0.0022,0,0,0
1650,0.664,0,0.1553,0,0,0
1651,0.6801,0,0.0679,0,0,0
1652,0.73,1,0.0014,0,0,0
1653,0.7707,1,0.0029,0,0,0
1654,0.6927,0,0.0059,0,0,0
1655,0.6502,0,0.0007,0,0,0
1656,0.5955,0,0.0002,0,0,0
1657,0.6949,0,0.0001,0,0,0
1658,0.6931,0,0.0002,0,0,0
1659,0.7202,1,0.0002,0,0,0
1660,0.6246,0,0.0006,0,0,0
1661,0.679,0,0.0006,0,0,0
1662,0.6857,0,0.0005,0,0,0
1663,0.6874,0,0.0044,0,0,0
1664,0.5514,0,0.0005,0,0,0
1665,0.5985,0,0.0001,0,0,0
1666,0.7019,0,0.0001,0,0,0
1667,0.5977,0,0.0001,0,0,0
1668,0.5671,0,0.0,0,0,0
1669,0.6365,0,0.0,0,0,0
1670,0.6293,0,0.0,0,0,0
1671,0.606,0,0.0,0,0,0
1672,0.6751,0,0.0,0,0,0
1673,0.685,0,0.0001,0,0,0
1674,0.6844,0,0.0001,0,0,0
1675,0.6316,0,0.0,0,0,0
1676,0.748,1,0.0006,0,0,0
1677,0.6269,0,0.3871,1,1,0
1678,0.6438,0,0.0565,0,0,0
1679,0.585,0,0.0029,0,0,0
1680,0.5452,0,0.0004,0,0,0
1681,0.6868,0,0.0002,0,0,0
1682,0.6819,0,0.0001,0,0,0
1683,0.6793,0,0.0,0,0,0
1684,0.6414,0,0.0001,0,0,0
1685,0.6344,0,0.0003,0,0,0
1686,0.6454,0,0.0001,0,0,0
1687,0.4689,0,0.0006,0,0,0
1688,0.6522,0,0.0607,0,0,0
1689,0.6715,0,0.0628,0,0,0
1690,0.6487,0,0.0113,0,0,0
1691,0.5224,0,0.0004,0,0,0
1692,0.537,0,0.0001,0,0,0
1693,0.6904,0,0.0,0,0,0
1694,0.5739,0,0.0,0,0,0
1695,0.5852,0,0.0,0,0,0
1696,0.6949,0,0.0,0,0,0
1697,0.6633,0,0.0,0,0,0
1698,0.5641,0,0.0,0,0,0
1699,0.4633,0,0.0,0,0,0
1700,0.3765,0,0.0,0,0,0
1701,0.5484,0,0.0,0,0,0
1702,0.5896,0,0.0,0,0,0
1703,0.5414,0,0.0,0,0,0
1704,0.534,0,0.0,0,0,0
1705,0.5545,0,0.0,0,0,0
1706,0.683,0,0.0,0,0,0
1707,0.5694,0,0.0,0,0,0
1708,0.6554,0,0.0,0,0,0
1709,0.4603,0,0.0,0,0,0
1710,0.4405,0,0.0,0,0,0
1711,0.6873,0,0.0,0,0,0
1712,0.7014,0,0.0001,0,0,0
1713,0.6921,0,0.0008,0,0,0
1714,0.6622,0,0.0025,0,0,0
1715,0.5431,0,0.0003,0,0,0
1716,0.5645,0,0.0,0,0,0
1717,0.629,0,0.0,0,0,0
1718,0.658,0,0.0,0,0,0
1719,0.6781,0,0.0,0,0,0
1720,0.6853,0,0.0,0,0,0
1721,0.6565,0,0.0,0,0,0
1722,0.6407,0,0.0,0,0,0
1723,0.4515,0,0.0,0,0,0
1724,0.4695,0,0.0,0,0,0
1725,0.5158,0,0.0,0,0,0
1726,0.5438,0,0.0,0,0,0
1727,0.5275,0,0.0,0,0,0
1728,0.5089,0,0.0,0,0,0
1729,0.6825,0,0.0,0,0,0
1730,0.6798,0,0.0,0,0,0
1731,0.6788,0,0.0,0,0,0
1732,0.6444,0,0.0,0,0,0
1733,0.4377,0,0.0,0,0,0
1734,0.428,0,0.0,0,0,0
1735,0.6611,0,0.0,0,0,0
1736,0.6662,0,0.0004,0,0,0
1737,0.5156,0,0.0011,0,0,0
1738,0.4767,0,0.0012,0,0,0
1739,0.5378,0,0.0004,0,0,0
1740,0.5672,0,0.0002,0,0,0
1741,0.558,0,0.0,0,0,0
1742,0.5626,0,0.0,0,0,0
1743,0.5599,0,0.0,0,0,0
1744,0.5755,0,0.0,0,0,0
1745,0.6056,0,0.0,0,0,0
1746,0.6116,0,0.0,0,0,0
1747,0.6355,0,0.0,0,0,0
1748,0.6453,0,0.0,0,0,0
1749,0.6601,0,0.0001,0,0,0
1750,0.6711,0,0.0003,0,0,0
1751,0.6911,0,0.0004,0,0,0
1752,0.6947,0,0.0003,0,0,0
1753,0.5535,0,0.0003,0,0,0
1754,0.6036,0,0.0011,0,0,0
1755,0.6082,0,0.0005,0,0,0
1756,0.5985,0,0.0003,0,0,0
1757,0.6259,0,0.0001,0,0,0
1758,0.5738,0,0.0001,0,0,0
1759,0.6944,0,0.0001,0,0,0
1760,0.6603,0,0.0001,0,0,0
1761,0.665,0,0.0001,0,0,0
1762,0.6749,0,0.0,0,0,0
1763,0.6818,0,0.0,0,0,0
1764,0.6317,0,0.0001,0,0,0
1765,0.5952,0,0.0,0,0,0
1766,0.5767,0,0.0,0,0,0
1767,0.6905,0,0.0,0,0,0
1768,0.6745,0,0.0,0,0,0
1769,0.6437,0,0.0,0,0,0
1770,0.5712,0,0.0,0,0,0
1771,0.5655,0,0.0,0,0,0
1772,0.5242,0,0.0,0,0,0
1773,0.533,0,0.0005,0,0,0
1774,0.6573,0,0.001,0,0,0
1775,0.6921,0,0.0003,0,0,0
1776,0.6713,0,0.0001,0,0,0
1777,0.5182,0,0.0002,0,0,0
1778,0.5369,0,0.0001,0,0,0
1779,0.6237,0,0.0,0,0,0
1780,0.6183,0,0.0,0,0,0
1781,0.6615,0,0.0005,0,0,0
1782,0.5984,0,0.0004,0,0,0
1783,0.6526,0,0.0002,0,0,0
1784,0.669,0,0.0003,0,0,0
1785,0.701,0,0.0003,0,0,0
1786,0.6729,0,0.0001,0,0,0
1787,0.6544,0,0.0,0,0,0
1788,0.6697,0,0.0,0,0,0
1789,0.639,0,0.0,0,0,0
1790,0.6517,0,0.0001,0,0,0
1791,0.6665,0,0.0,0,0,0
1792,0.6591,0,0.0,0,0,0
1793,0.7252,1,0.0,0,0,0
1794,0.6406,0,0.0,0,0,0
1795,0.6399,0,0.0,0,0,0
1796,0.6142,0,0.0,0,0,0
1797,0.6619,0,0.0,0,0,0
1798,0.6432,0,0.0,0,0,0
1799,0.6189,0,0.0,0,0,0
1800,0.615,0,0.0,0,0,0
1801,0.7028,0,0.0,0,0,0
1802,0.713,0,0.0,0,0,0
1803,0.6958,0,0.0,0,0,0
1804,0.6971,0,0.0,0,0,0
1805,0.5788,0,0.0,0,0,0
1806,0.7161,0,0.0,0,0,0
1807,0.7199,0,0.0,0,0,0
1808,0.7283,1,0.0,0,0,0
1809,0.6003,0,0.0,0,0,0
1810,0.6253,0,0.0,0,0,0
1811,0.6609,0,0.0,0,0,0
1812,0.6761,0,0.0,0,0,0
1813,0.4948,0,0.0,0,0,0
1814,0.6328,0,0.0,0,0,0
1815,0.5767,0,0.0,0,0,0
1816,0.549,0,0.0,0,0,0
1817,0.5877,0,0.0,0,0,0
1818,0.6745,0,0.0,0,0,0
1819,0.7252,1,0.0,0,0,0
1820,0.6966,0,0.0,0,0,0
1821,0.7084,0,0.0001,0,0,0
1822,0.6764,0,0.0004,0,0,0
1823,0.6394,0,0.0002,0,0,0
1824,0.5864,0,0.0001,0,0,0
1825,0.6501,0,0.0001,0,0,0
1826,0.6319,0,0.0,0,0,0
1827,0.6194,0,0.0001,0,0,0
1828,0.731,1,0.0001,0,0,0
1829,0.7192,0,0.0007,0,0,0
1830,0.7058,0,0.0005,0,0,0
1831,0.7469,1,0.0006,0,0,0
1832,0.7411,1,0.0009,0,0,0
1833,0.7377,1,0.001,0,0,0
1834,0.6826,0,0.0005,0,0,0
1835,0.6782,0,0.0004,0,0,0
1836,0.69,0,0.0004,0,0,0
1837,0.692,0,0.0005,0,0,0
1838,0.6538,0,0.0002,0,0,0
1839,0.6873,0,0.0001,0,0,0
1840,0.7411,1,0.0002,0,0,0
1841,0.7276,1,0.0001,0,0,0
1842,0.722,1,0.0001,0,0,0
1843,0.7176,0,0.0001,0,0,0
1844,0.4424,0,0.0002,0,0,0
1845,0.444,0,0.0005,0,0,0
1846,0.4962,0,0.0001,0,0,0
1847,0.4886,0,0.0001,0,0,0
1848,0.4877,0,0.0,0,0,0
1849,0.5874,0,0.0,0,0,0
1850,0.5593,0,0.0,0,0,0
1851,0.6483,0,0.0,0,0,0
1852,0.5163,0,0.0,0,0,0
1853,0.5828,0,0.0,0,0,0
1854,0.7353,1,0.0,0,0,0
1855,0.7437,1,0.0001,0,0,0
1856,0.6785,0,0.0001,0,0,0
1857,0.7001,0,0.0001,0,0,0
1858,0.6646,0,0.0001,0,0,0
1859,0.6242,0,0.0,0,0,0
1860,0.5721,0,0.0,0,0,0
1861,0.677,0,0.0,0,0,0
1862,0.6736,0,0.0,0,0,0
1863,0.6766,0,0.0,0,0,0
1864,0.5633,0,0.0,0,0,0
1865,0.5665,0,0.0001,0,0,0
1866,0.6384,0,0.0002,0,0,0
1867,0.4628,0,0.015,0,0,0
1868,0.6724,0,0.1924,0,0,0
1869,0.6709,0,0.0039,0,0,0
1870,0.6663,0,0.0003,0,0,0
1871,0.6685,0,0.0,0,0,0
1872,0.6683,0,0.0,0,0,0
1873,0.5476,0,0.0,0,0,0
1874,0.6889,0,0.0,0,0,0
1875,0.572,0,0.0,0,0,0
1876,0.666,0,0.0,0,0,0
1877,0.6647,0,0.0,0,0,0
1878,0.666,0,0.0,0,0,0
1879,0.4667,0,0.0004,0,0,0
1880,0.5748,0,0.0143,0,0,0
1881,0.6644,0,0.0084,0,0,0
1882,0.6553,0,0.0027,0,0,0
1883,0.6501,0,0.0034,0,0,0
1884,0.6339,0,0.0005,0,0,0
1885,0.6625,0,0.0003,0,0,0
1886,0.6593,0,0.0002,0,0,0
1887,0.7073,0,0.0001,0,0,0
1888,0.6308,0,0.0,0,0,0
1889,0.6829,0,0.0,0,0,0
1890,0.4567,0,0.0,0,0,0
1891,0.4778,0,0.0,0,0,0
1892,0.5091,0,0.0,0,0,0
1893,0.5603,0,0.0,0,0,0
1894,0.578,0,0.0,0,0,0
1895,0.5454,0,0.0,0,0,0
1896,0.5578,0,0.0,0,0,0
1897,0.4885,0,0.0,0,0,0
1898,0.473,0,0.0,0,0,0
1899,0.6945,0,0.0,0,0,0
1900,0.6747,0,0.0,0,0,0
1901,0.6526,0,0.0,0,0,0
1902,0.6815,0,0.0,0,0,0
1903,0.6758,0,0.0,0,0,0
1904,0.6036,0,0.0001,0,0,0
1905,0.593,0,0.0003,0,0,0
1906,0.7943,1,0.0002,0,0,0
1907,0.8051,1,0.0001,0,0,0
1908,0.8037,1,0.0001,0,0,0
1909,0.7872,1,0.0001,0,0,0
1910,0.7775,1,0.0001,0,0,0
1911,0.7621,1,0.0002,0,0,0
1912,0.768,1,0.0004,0,0,0
1913,0.7495,1,0.0012,0,0,0
1914,0.7285,1,0.0003,0,0,0
1915,0.6078,0,0.0002,0,0,0
1916,0.7005,0,0.0001,0,0,0
1917,0.6681,0,0.0,0,0,0
1918,0.6455,0,0.0,0,0,0
1919,0.6652,0,0.0,0,0,0
1920,0.5491,0,0.0,0,0,0
1921,0.6685,0,0.0,0,0,0
1922,0.6686,0,0.0,0,0,0
1923,0.6529,0,0.0,0,0,0
1924,0.6387,0,0.0,0,0,0
1925,0.3981,0,0.0001,0,0,0
1926,0.4281,0,0.0009,0,0,0
1927,0.413,0,0.0006,0,0,0
1928,0.5195,0,0.0025,0,0,0
1929,0.5294,0,0.0005,0,0,0
1930,0.5932,0,0.0003,0,0,0
1931,0.6039,0,0.0001,0,0,0
1932,0.4562,0,0.0,0,0,0
1933,0.4717,0,0.0,0,0,0
1934,0.5986,0,0.0,0,0,0
1935,0.5989,0,0.0,0,0,0
1936,0.6394,0,0.0,0,0,0
1937,0.6312,0,0.0,0,0,0
1938,0.6408,0,0.0,0,0,0
1939,0.6101,0,0.0,0,0,0
1940,0.6347,0,0.0001,0,0,0
1941,0.6624,0,0.0004,0,0,0
1942,0.6866,0,0.0005,0,0,0
1943,0.6772,0,0.0018,0,0,0
1944,0.6856,0,0.0287,0,0,0
1945,0.5779,0,0.0018,0,0,0
1946,0.63,0,0.0001,0,0,0
1947,0.63,0,0.0,0,0,0
1948,0.6,0,0.0,0,0,0
1949,0.6482,0,0.0,0,0,0
1950,0.6921,0,0.0,0,0,0
1951,0.6394,0,0.0001,0,0,0
1952,0.7591,1,0.0011,0,0,0
1953,0.7849,1,0.0003,0,0,0
1954,0.7934,1,0.0001,0,0,0
1955,0.8,1,0.0002,0,0,0
1956,0.7866,1,0.0008,0,0,0
1957,0.7633,1,0.004,0,0,0
1958,0.7182,0,0.0043,0,0,0
1959,0.6758,0,0.0055,0,0,0
1960,0.6302,0,0.0023,0,0,0
1961,0.6082,0,0.002,0,0,0
1962,0.5341,0,0.0163,0,0,0
1963,0.5334,0,0.0206,0,0,0
1964,0.5555,0,0.0066,0,0,0
1965,0.548,0,0.0009,0,0,0
1966,0.6684,0,0.0002,0,0,0
1967,0.6697,0,0.0,0,0,0
1968,0.6697,0,0.0,0,0,0
1969,0.5573,0,0.0,0,0,0
1970,0.6498,0,0.0,0,0,0
1971,0.6635,0,0.0,0,0,0
1972,0.6375,0,0.0,0,0,0
1973,0.3778,0,0.0,0,0,0
1974,0.4755,0,0.0,0,0,0
1975,0.4195,0,0.0,0,0,0
1976,0.4726,0,0.0,0,0,0
1977,0.5275,0,0.0,0,0,0
1978,0.5658,0,0.0,0,0,0
1979,0.5401,0,0.0,0,0,0
1980,0.6071,0,0.0,0,0,0
1981,0.608,0,0.0,0,0,0
1982,0.6083,0,0.0,0,0,0
1983,0.6089,0,0.0,0,0,0
1984,0.6189,0,0.0,0,0,0
1985,0.6323,0,0.0,0,0,0
1986,0.6347,0,0.0,0,0,0
1987,0.6565,0,0.0,0,0,0
1988,0.6509,0,0.0005,0,0,0
1989,0.6648,0,0.0005,0,0,0
1990,0.6468,0,0.0004,0,0,0
1991,0.6548,0,0.0005,0,0,0
1992,0.6672,0,0.0078,0,0,0
1993,0.6987,0,0.0072,0,0,0
1994,0.7034,0,0.0032,0,0,0
1995,0.7213,1,0.0006,0,0,0
1996,0.6122,0,0.0004,0,0,0
1997,0.7123,0,0.0003,0,0,0
1998,0.6081,0,0.0001,0,0,0
1999,0.7673,1,0.0,0,0,0
2000,0.618,0,0.0001,0,0,0
2001,0.6059,0,0.0001,0,0,0
2002,0.5904,0,0.0001,0,0,0
2003,0.71,0,0.0001,0,0,0
2004,0.6174,0,0.0001,0,0,0
2005,0.6172,0,0.0006,0,0,0
2006,0.4939,0,0.0012,0,0,0
2007,0.6005,0,0.0001,0,0,0
2008,0.6848,0,0.0,0,0,0
2009,0.8101,1,0.0,0,0,0
2010,0.7305,1,0.0001,0,0,0
2011,0.721,1,0.0001,0,0,0
2012,0.631,0,0.0001,0,0,0
2013,0.6829,0,0.0002,0,0,0
2014,0.5168,0,0.0001,0,0,0
2015,0.5332,0,0.0001,0,0,0
2016,0.5617,0,0.002,0,0,0
2017,0.6693,0,0.0038,0,0,0
2018,0.6696,0,0.0087,0,0,0
2019,0.689,0,0.012,0,0,0
2020,0.4647,0,0.0026,0,0,0
2021,0.3866,0,0.0008,0,0,0
2022,0.549,0,0.0002,0,0,0
2023,0.5544,0,0.0002,0,0,0
2024,0.4575,0,0.0002,0,0,0
2025,0.5127,0,0.0002,0,0,0
2026,0.5309,0,0.0002,0,0,0
2027,0.5562,0,0.0001,0,0,0
2028,0.5864,0,0.0,0,0,0
2029,0.561,0,0.0,0,0,0
2030,0.5443,0,0.0,0,0,0
2031,0.5627,0,0.0,0,0,0
2032,0.488,0,0.0,0,0,0
2033,0.601,0,0.0,0,0,0
2034,0.6211,0,0.0,0,0,0
2035,0.6324,0,0.0,0,0,0
2036,0.6445,0,0.0,0,0,0
2037,0.6316,0,0.0002,0,0,0
2038,0.6585,0,0.0025,0,0,0
2039,0.6803,0,0.0015,0,0,0
2040,0.6686,0,0.0019,0,0,0
2041,0.6604,0,0.0013,0,0,0
2042,0.6322,0,0.0009,0,0,0
2043,0.617,0,0.0009,0,0,0
2044,0.6245,0,0.001,0,0,0
2045,0.5906,0,0.0004,0,0,0
2046,0.4961,0,0.0001,0,0,0
2047,0.5101,0,0.0001,0,0,0
2048,0.4855,0,0.0001,0,0,0
2049,0.4821,0,0.0001,0,0,0
2050,0.2958,0,0.0,0,0,0
2051,0.2955,0,0.0001,0,0,0
2052,0.3078,0,0.0002,0,0,0
2053,0.3184,0,0.0004,0,0,0
2054,0.3246,0,0.0001,0,0,0
2055,0.3304,0,0.0,0,0,0
2056,0.3177,0,0.0,0,0,0
2057,0.3503,0,0.0,0,0,0
2058,0.3535,0,0.0,0,0,0
2059,0.3696,0,0.0,0,0,0
2060,0.7,0,0.0,0,0,0
2061,0.7119,0,0.0,0,0,0
2062,0.7014,0,0.0001,0,0,0
2063,0.7009,0,0.0001,0,0,0
2064,0.7144,0,0.0001,0,0,0
2065,0.6812,0,0.0,0,0,0
2066,0.6734,0,0.0001,0,0,0
2067,0.6722,0,0.0001,0,0,0
2068,0.6318,0,0.0,0,0,0
2069,0.551,0,0.0002,0,0,0
2070,0.4138,0,0.0001,0,0,0
2071,0.6114,0,0.0001,0,0,0
2072,0.6135,0,0.0002,0,0,0
2073,0.4764,0,0.001,0,0,0
2074,0.4471,0,0.0002,0,0,0
2075,0.6621,0,0.0001,0,0,0
2076,0.4063,0,0.0,0,0,0
2077,0.6729,0,0.0,0,0,0
2078,0.4515,0,0.0,0,0,0
2079,0.6426,0,0.0,0,0,0
2080,0.6702,0,0.0,0,0,0
2081,0.6196,0,0.0,0,0,0
2082,0.5839,0,0.0,0,0,0
2083,0.6772,0,0.0,0,0,0
2084,0.6418,0,0.0,0,0,0
2085,0.6958,0,0.0017,0,0,0
2086,0.6763,0,0.0975,0,0,0
2087,0.7094,0,0.0107,0,0,0
2088,0.73,1,0.0139,0,0,0
